<application>
  <component name="ActionsLocalSummary">
    <e n="$SelectAll">
      <i c="14" l="1745251324959" />
    </e>
    <e n="$Undo">
      <i c="1" l="1745250223281" />
    </e>
    <e n="CodeCompletion">
      <i c="4" l="1745249594541" />
    </e>
    <e n="EditorBackSpace">
      <i c="17" l="1745251325475" />
    </e>
    <e n="EditorChooseLookupItem">
      <i c="17" l="1745250741967" />
    </e>
    <e n="EditorCopy">
      <i c="14" l="1745250508769" />
    </e>
    <e n="EditorDown">
      <i c="1" l="1745249160872" />
    </e>
    <e n="EditorEnter">
      <i c="51" l="1745251163152" />
    </e>
    <e n="EditorLeft">
      <i c="1" l="1745249162506" />
    </e>
    <e n="EditorPaste">
      <i c="39" l="1745251331426" />
    </e>
    <e n="EditorRight">
      <i c="1" l="1745250220809" />
    </e>
    <e n="EditorTab">
      <i c="13" l="1745250800050" />
    </e>
    <e n="EditorUp">
      <i c="4" l="1745250451201" />
    </e>
    <e n="GotoDeclaration">
      <i c="1" l="1745249430938" />
    </e>
    <e n="NewClass">
      <i c="4" l="1745250721904" />
    </e>
    <e n="Run">
      <i c="2" l="1745251083861" />
    </e>
    <e n="SaveAll">
      <i c="7" l="1745251348939" />
    </e>
    <e n="Stop">
      <i c="1" l="1745251082063" />
    </e>
    <e n="WelcomeScreen.OpenProject">
      <i c="1" l="1726764158401" />
    </e>
    <e n="com.intellij.openapi.editor.impl.EditorMarkupModelImpl$TrafficLightAction">
      <i c="1" l="1745249171768" />
    </e>
  </component>
</application>