<application>
  <component name="ActionsLocalSummary">
    <e n="CodeCompletion">
      <i c="2" l="1745245257837" />
    </e>
    <e n="EditorChooseLookupItem">
      <i c="2" l="1745245258668" />
    </e>
    <e n="EditorCopy">
      <i c="1" l="1745245145689" />
    </e>
    <e n="EditorEnter">
      <i c="10" l="1745245664312" />
    </e>
    <e n="EditorPaste">
      <i c="11" l="1745245497790" />
    </e>
    <e n="EditorTab">
      <i c="11" l="1745245494559" />
    </e>
    <e n="Find">
      <i c="2" l="1745245191922" />
    </e>
    <e n="GotoLine">
      <i c="1" l="1745245189233" />
    </e>
    <e n="OpenFile">
      <i c="1" l="1727355884865" />
    </e>
    <e n="Run">
      <i c="2" l="1745245547130" />
    </e>
    <e n="SaveAll">
      <i c="6" l="1745245693585" />
    </e>
    <e n="WelcomeScreen.OpenProject">
      <i c="1" l="1723228727974" />
    </e>
    <e n="com.intellij.find.editorHeaderActions.NextOccurrenceAction">
      <i c="6" l="1745245201437" />
    </e>
  </component>
</application>