<application>
  <component name="FileEditorProviderManager">{}</component>
  <component name="LangManager">
    <option name="languageName" value="JAVA" />
  </component>
  <component name="NotRoamableUiSettings">
    <option name="fontSize" value="13.0" />
    <option name="presentationModeIdeScale" value="1.75" />
  </component>
  <component name="PropertyService"><![CDATA[{
  "keyToString": {
    "RunOnceActivity.java.code.vision.default.position.was.set": "true",
    "build.toolwindow.Build Output.selection.state": "com.intellij.build.BuildTreeConsoleView",
    "enter_selection_count": "2",
    "experimental.ui.first.promotion.localdate": "2024-08-09",
    "experimental.ui.on.first.startup": "false",
    "fileTypeChangedCounter": "1",
    "fontSizeToResetConsole": "13.0",
    "fontSizeToResetEditor": "13.0",
    "ide.memory.adjusted": "true",
    "input.method.disabler.muted": "true",
    "installed.kotlin.plugin.version": "241.18034.62-IJ",
    "last_opened_file_path": "/home/coder/coursera/DrivingSimulation_Lab",
    "llm.installer.last.toolwindow.state": "LLM_INSTALLER",
    "migrated.non.roamable.values.from.general.settings": "true",
    "previousColorScheme": "_@user_Darcula",
    "registry.to.advanced.settings.migration.build": "IC-241.18034.62"
  },
  "keyToStringList": {
    "file.chooser.recent.files": [
      "/home/coder/coursera/Solution",
      "/home/coder/coursera/DrivingSimulation_Lab"
    ],
    "fileTypeDetectors": [
      "com.intellij.ide.scratch.ScratchFileServiceImpl$Detector",
      "org.jetbrains.plugins.textmate.TextMateFileType$TextMateFileDetector"
    ]
  }
}]]></component>
</application>