<application>
  <component name="RecentProjectsManager">
    <option name="additionalInfo">
      <map>
        <entry key="$USER_HOME$/coursera/Solution">
          <value>
            <RecentProjectMetaInfo frameTitle="Solution [~/coursera/Solution] – DrivingSimulationSolution.java" projectWorkspaceId="2gS9CIME65xhtkuWU34MeJ0F7TL">
              <option name="activationTimestamp" value="1727355893821" />
              <option name="binFolder" value="$APPLICATION_HOME_DIR$/bin" />
              <option name="build" value="IC-241.18034.62" />
              <option name="buildTimestamp" value="1718905980000" />
              <option name="colorInfo">
                <RecentProjectColorInfo associatedIndex="1" />
              </option>
              <frame x="238" y="51" width="1400" height="835" />
              <option name="productionCode" value="IC" />
              <option name="projectOpenTimestamp" value="1727355894028" />
            </RecentProjectMetaInfo>
          </value>
        </entry>
        <entry key="$USER_HOME$/coursera/DrivingSimulation_Lab">
          <value>
            <RecentProjectMetaInfo frameTitle="DrivingSimulation_Lab – DrivingSimulationLab.java" opened="true" projectWorkspaceId="2guRACOE6i4J5lBjGEPjPsgfTRs">
              <option name="activationTimestamp" value="1745245190471" />
              <option name="binFolder" value="$APPLICATION_HOME_DIR$/bin" />
              <option name="build" value="IC-241.18034.62" />
              <option name="buildTimestamp" value="1718905980000" />
              <option name="colorInfo">
                <RecentProjectColorInfo associatedIndex="2" />
              </option>
              <frame x="0" y="31" width="1876" height="875" extendedState="6" />
              <option name="productionCode" value="IC" />
              <option name="projectOpenTimestamp" value="1732904667789" />
            </RecentProjectMetaInfo>
          </value>
        </entry>
      </map>
    </option>
    <option name="lastOpenedProject" value="$USER_HOME$/coursera/DrivingSimulation_Lab" />
  </component>
</application>