<application>
  <component name="WindowManager">
    <frame x="0" y="31" width="1876" height="875" extendedState="6" />
  </component>
  <component name="WindowStateApplicationService">
    <state x="725" y="176" width="434" height="488" key="FileChooserDialogImpl" timestamp="1723228733368">
      <screen x="0" y="31" width="1885" height="838" />
    </state>
    <state x="725" y="176" width="434" height="488" key="FileChooserDialogImpl/0.31.1885.838" timestamp="1723228733368" />
  </component>
</application>