<project version="4">
  <component name="BookmarksManager">
    <option name="groups">
      <GroupState>
        <option name="name" value="creating-a-zoo" />
      </GroupState>
    </option>
  </component>
  <component name="FileEditorManager">
    <leaf ideFingerprint="a6h67yzvlq7a" SIDE_TABS_SIZE_LIMIT_KEY="-1">
      <file current-in-tab="false">
        <entry file="file://$PROJECT_DIR$/src/Main.java">
          <provider editor-type-id="text-editor" selected="true">
            <state relative-caret-position="238">
              <caret line="253" column="1" selection-start-line="253" selection-start-column="1" selection-end-line="253" selection-end-column="1" />
            </state>
          </provider>
        </entry>
      </file>
      <file current-in-tab="false">
        <entry file="file://$PROJECT_DIR$/src/Penguin.java">
          <provider editor-type-id="text-editor" selected="true">
            <state relative-caret-position="186">
              <caret line="46" column="111" selection-start-line="46" selection-start-column="111" selection-end-line="46" selection-end-column="111" />
              <folding>
                <element signature="e#173#174#0" expanded="true" />
                <element signature="e#205#206#0" expanded="true" />
                <element signature="e#240#241#0" expanded="true" />
                <element signature="e#273#274#0" expanded="true" />
                <element signature="e#322#323#0" expanded="true" />
                <element signature="e#359#360#0" expanded="true" />
                <element signature="e#392#393#0" expanded="true" />
                <element signature="e#424#425#0" expanded="true" />
                <element signature="e#471#472#0" expanded="true" />
                <element signature="e#513#514#0" expanded="true" />
                <element signature="e#546#547#0" expanded="true" />
                <element signature="e#578#579#0" expanded="true" />
                <element signature="e#625#626#0" expanded="true" />
                <element signature="e#667#668#0" expanded="true" />
                <element signature="e#713#714#0" expanded="true" />
                <element signature="e#786#787#0" expanded="true" />
                <element signature="e#841#842#0" expanded="true" />
                <element signature="e#896#897#0" expanded="true" />
                <element signature="e#998#999#0" expanded="true" />
                <element signature="e#1096#1097#0" expanded="true" />
              </folding>
            </state>
          </provider>
        </entry>
      </file>
      <file current-in-tab="false">
        <entry file="file://$PROJECT_DIR$/src/Walk.java">
          <provider editor-type-id="text-editor" selected="true">
            <state relative-caret-position="88">
              <caret line="4" column="19" selection-start-line="4" selection-start-column="19" selection-end-line="4" selection-end-column="19" />
            </state>
          </provider>
        </entry>
      </file>
      <file current-in-tab="false">
        <entry file="file://$PROJECT_DIR$/src/Animal.java">
          <provider editor-type-id="text-editor" selected="true">
            <state relative-caret-position="-528">
              <caret column="22" selection-end-line="63" />
            </state>
          </provider>
        </entry>
      </file>
      <file>
        <entry file="file://$PROJECT_DIR$/src/Tiger.java">
          <provider editor-type-id="text-editor" selected="true">
            <state relative-caret-position="340">
              <caret line="43" column="1" selection-start-line="43" selection-start-column="1" selection-end-line="43" selection-end-column="1" />
              <folding>
                <element signature="e#181#182#0" expanded="true" />
                <element signature="e#211#212#0" expanded="true" />
                <element signature="e#250#251#0" expanded="true" />
                <element signature="e#288#289#0" expanded="true" />
                <element signature="e#347#348#0" expanded="true" />
                <element signature="e#401#402#0" expanded="true" />
                <element signature="e#430#431#0" expanded="true" />
                <element signature="e#458#459#0" expanded="true" />
                <element signature="e#497#498#0" expanded="true" />
                <element signature="e#531#532#0" expanded="true" />
                <element signature="e#571#572#0" expanded="true" />
                <element signature="e#610#611#0" expanded="true" />
                <element signature="e#671#672#0" expanded="true" />
                <element signature="e#727#728#0" expanded="true" />
                <element signature="e#778#779#0" expanded="true" />
                <element signature="e#840#841#0" expanded="true" />
                <element signature="e#883#884#0" expanded="true" />
                <element signature="e#974#975#0" expanded="true" />
              </folding>
            </state>
          </provider>
        </entry>
      </file>
      <file current-in-tab="false">
        <entry file="file://$PROJECT_DIR$/src/Swim.java">
          <provider editor-type-id="text-editor" selected="true">
            <state relative-caret-position="132">
              <caret line="6" column="20" selection-start-line="6" selection-start-column="20" selection-end-line="6" selection-end-column="20" />
            </state>
          </provider>
        </entry>
      </file>
      <file current-in-tab="false">
        <entry file="file://$PROJECT_DIR$/src/Dolphin.java">
          <provider editor-type-id="text-editor" selected="true">
            <state relative-caret-position="340">
              <caret line="39" column="1" selection-start-line="39" selection-start-column="1" selection-end-line="39" selection-end-column="1" />
              <folding>
                <element signature="e#163#164#0" expanded="true" />
                <element signature="e#195#196#0" expanded="true" />
                <element signature="e#236#237#0" expanded="true" />
                <element signature="e#273#274#0" expanded="true" />
                <element signature="e#333#334#0" expanded="true" />
                <element signature="e#385#386#0" expanded="true" />
                <element signature="e#422#423#0" expanded="true" />
                <element signature="e#458#459#0" expanded="true" />
                <element signature="e#513#514#0" expanded="true" />
                <element signature="e#563#564#0" expanded="true" />
                <element signature="e#609#610#0" expanded="true" />
                <element signature="e#682#683#0" expanded="true" />
                <element signature="e#733#734#0" expanded="true" />
                <element signature="e#788#789#0" expanded="true" />
              </folding>
            </state>
          </provider>
        </entry>
      </file>
      <file current-in-tab="false">
        <entry file="file://$PROJECT_DIR$/src/Eat.java">
          <provider editor-type-id="text-editor" selected="true">
            <state>
              <caret column="17" selection-end-line="4" />
            </state>
          </provider>
        </entry>
      </file>
    </leaf>
  </component>
  <component name="FileTypeUsageLocalSummary"><![CDATA[{
  "data": {
    "JAVA": {
      "usageCount": 10,
      "lastUsed": 1745250724771
    }
  }
}]]></component>
  <component name="IdeDocumentHistory">
    <changedPaths>
      <option value="$PROJECT_DIR$/src/Walk.java" />
      <option value="$PROJECT_DIR$/src/Swim.java" />
      <option value="$PROJECT_DIR$/src/Penguin.java" />
      <option value="$PROJECT_DIR$/src/Main.java" />
      <option value="$PROJECT_DIR$/src/Dolphin.java" />
      <option value="$PROJECT_DIR$/src/Tiger.java" />
    </changedPaths>
  </component>
  <component name="IgnoredFileRootStore">
    <option name="generatedRoots">
      <set>
        <option value="$PROJECT_DIR$/.idea" />
      </set>
    </option>
  </component>
  <component name="LanguageUsageStatistics">
    <language id="JAVA">
      <summary usageCount="10" lastUsage="1745250724771" />
    </language>
  </component>
  <component name="ProjectView">
    <navigator currentView="ProjectPane" proportions="" version="1" />
    <panes>
      <pane id="PackagesPane" />
      <pane id="ProjectPane">
        <subPane>
          <expand>
            <path>
              <item name="creating-a-zoo" type="b2602c69:ProjectViewProjectNode" />
              <item name="dir{file:///home/coder/coursera/creating-a-zoo}" type="462c0819:PsiDirectoryNode" />
            </path>
            <path>
              <item name="creating-a-zoo" type="b2602c69:ProjectViewProjectNode" />
              <item name="dir{file:///home/coder/coursera/creating-a-zoo}" type="462c0819:PsiDirectoryNode" />
              <item name="dir{file:///home/coder/coursera/creating-a-zoo/src}" type="462c0819:PsiDirectoryNode" />
            </path>
          </expand>
          <select />
        </subPane>
      </pane>
      <pane id="Scope" />
    </panes>
  </component>
  <component name="ToolWindowManager">
    <layout>
      <window_info id="Bookmarks" order="0" side_tool="true" />
      <window_info active="true" content_ui="combo" id="Project" order="1" visible="true" weight="0.25040984" />
      <window_info id="Learn" order="2" />
      <window_info id="Structure" order="3" side_tool="true" />
      <window_info anchor="bottom" id="Version Control" order="0" />
      <window_info anchor="bottom" id="Find" order="1" />
      <window_info anchor="bottom" id="Run" order="2" visible="true" weight="0.33045214" />
      <window_info anchor="bottom" id="Debug" order="3" weight="0.4" />
      <window_info anchor="bottom" id="TODO" order="4" />
      <window_info anchor="bottom" id="Inspection" order="5" weight="0.4" />
      <window_info anchor="bottom" id="Problems View" order="6" weight="0.33045214" />
      <window_info anchor="bottom" id="Terminal" order="7" />
      <window_info anchor="bottom" id="Services" order="8" />
      <window_info anchor="bottom" id="Build" order="8" />
      <window_info anchor="right" id="Coverage" order="0" side_tool="true" />
      <window_info anchor="right" id="AIAssistant" order="1" />
      <window_info anchor="right" id="Notifications" order="2" weight="0.25" />
      <unified_weights bottom="0.33045214" left="0.25040984" />
    </layout>
    <recentWindows>
      <value>Project</value>
      <value>Run</value>
      <value>Problems View</value>
    </recentWindows>
  </component>
  <component name="WindowStateProjectService">
    <state x="435" y="141" width="402" height="614" key="#com.intellij.ide.util.MemberChooser" timestamp="1745250749343">
      <screen x="0" y="31" width="1300" height="873" />
    </state>
    <state x="435" y="141" width="402" height="614" key="#com.intellij.ide.util.MemberChooser/0.31.1300.873@0.31.1300.873" timestamp="1745250749343" />
    <state width="1178" height="220" key="GridCell.Tab.0.bottom" timestamp="1745251085167">
      <screen x="0" y="31" width="1300" height="873" />
    </state>
    <state width="1178" height="220" key="GridCell.Tab.0.bottom/0.31.1300.873@0.31.1300.873" timestamp="1745251085167" />
    <state width="1178" height="220" key="GridCell.Tab.0.center" timestamp="1745251085167">
      <screen x="0" y="31" width="1300" height="873" />
    </state>
    <state width="1178" height="220" key="GridCell.Tab.0.center/0.31.1300.873@0.31.1300.873" timestamp="1745251085167" />
    <state width="1178" height="220" key="GridCell.Tab.0.left" timestamp="1745251085165">
      <screen x="0" y="31" width="1300" height="873" />
    </state>
    <state width="1178" height="220" key="GridCell.Tab.0.left/0.31.1300.873@0.31.1300.873" timestamp="1745251085165" />
    <state width="1178" height="220" key="GridCell.Tab.0.right" timestamp="1745251085167">
      <screen x="0" y="31" width="1300" height="873" />
    </state>
    <state width="1178" height="220" key="GridCell.Tab.0.right/0.31.1300.873@0.31.1300.873" timestamp="1745251085167" />
  </component>
  <component name="editorHistoryManager">
    <entry file="file://$PROJECT_DIR$/src/Walk.java">
      <provider selected="true" editor-type-id="text-editor">
        <state relative-caret-position="88">
          <caret line="4" column="19" selection-start-line="4" selection-start-column="19" selection-end-line="4" selection-end-column="19" />
        </state>
      </provider>
    </entry>
    <entry file="file://$PROJECT_DIR$/src/Eat.java">
      <provider selected="true" editor-type-id="text-editor">
        <state>
          <caret column="17" selection-end-line="4" />
        </state>
      </provider>
    </entry>
    <entry file="file://$PROJECT_DIR$/src/Animal.java">
      <provider selected="true" editor-type-id="text-editor">
        <state relative-caret-position="-528">
          <caret column="22" selection-end-line="63" />
        </state>
      </provider>
    </entry>
    <entry file="file://$PROJECT_DIR$/src/Penguin.java">
      <provider selected="true" editor-type-id="text-editor">
        <state relative-caret-position="186">
          <caret line="46" column="111" selection-start-line="46" selection-start-column="111" selection-end-line="46" selection-end-column="111" />
          <folding>
            <element signature="e#173#174#0" expanded="true" />
            <element signature="e#205#206#0" expanded="true" />
            <element signature="e#240#241#0" expanded="true" />
            <element signature="e#273#274#0" expanded="true" />
            <element signature="e#322#323#0" expanded="true" />
            <element signature="e#359#360#0" expanded="true" />
            <element signature="e#392#393#0" expanded="true" />
            <element signature="e#424#425#0" expanded="true" />
            <element signature="e#471#472#0" expanded="true" />
            <element signature="e#513#514#0" expanded="true" />
            <element signature="e#546#547#0" expanded="true" />
            <element signature="e#578#579#0" expanded="true" />
            <element signature="e#625#626#0" expanded="true" />
            <element signature="e#667#668#0" expanded="true" />
            <element signature="e#713#714#0" expanded="true" />
            <element signature="e#786#787#0" expanded="true" />
            <element signature="e#841#842#0" expanded="true" />
            <element signature="e#896#897#0" expanded="true" />
            <element signature="e#998#999#0" expanded="true" />
            <element signature="e#1096#1097#0" expanded="true" />
          </folding>
        </state>
      </provider>
    </entry>
    <entry file="file://$PROJECT_DIR$/src/Main.java">
      <provider selected="true" editor-type-id="text-editor">
        <state relative-caret-position="238">
          <caret line="253" column="1" selection-start-line="253" selection-start-column="1" selection-end-line="253" selection-end-column="1" />
        </state>
      </provider>
    </entry>
    <entry file="file://$PROJECT_DIR$/src/Dolphin.java">
      <provider selected="true" editor-type-id="text-editor">
        <state relative-caret-position="340">
          <caret line="39" column="1" selection-start-line="39" selection-start-column="1" selection-end-line="39" selection-end-column="1" />
          <folding>
            <element signature="e#163#164#0" expanded="true" />
            <element signature="e#195#196#0" expanded="true" />
            <element signature="e#236#237#0" expanded="true" />
            <element signature="e#273#274#0" expanded="true" />
            <element signature="e#333#334#0" expanded="true" />
            <element signature="e#385#386#0" expanded="true" />
            <element signature="e#422#423#0" expanded="true" />
            <element signature="e#458#459#0" expanded="true" />
            <element signature="e#513#514#0" expanded="true" />
            <element signature="e#563#564#0" expanded="true" />
            <element signature="e#609#610#0" expanded="true" />
            <element signature="e#682#683#0" expanded="true" />
            <element signature="e#733#734#0" expanded="true" />
            <element signature="e#788#789#0" expanded="true" />
          </folding>
        </state>
      </provider>
    </entry>
    <entry file="file://$PROJECT_DIR$/src/Swim.java">
      <provider selected="true" editor-type-id="text-editor">
        <state relative-caret-position="132">
          <caret line="6" column="20" selection-start-line="6" selection-start-column="20" selection-end-line="6" selection-end-column="20" />
        </state>
      </provider>
    </entry>
    <entry file="file://$PROJECT_DIR$/src/Tiger.java">
      <provider selected="true" editor-type-id="text-editor">
        <state relative-caret-position="340">
          <caret line="43" column="1" selection-start-line="43" selection-start-column="1" selection-end-line="43" selection-end-column="1" />
          <folding>
            <element signature="e#181#182#0" expanded="true" />
            <element signature="e#211#212#0" expanded="true" />
            <element signature="e#250#251#0" expanded="true" />
            <element signature="e#288#289#0" expanded="true" />
            <element signature="e#347#348#0" expanded="true" />
            <element signature="e#401#402#0" expanded="true" />
            <element signature="e#430#431#0" expanded="true" />
            <element signature="e#458#459#0" expanded="true" />
            <element signature="e#497#498#0" expanded="true" />
            <element signature="e#531#532#0" expanded="true" />
            <element signature="e#571#572#0" expanded="true" />
            <element signature="e#610#611#0" expanded="true" />
            <element signature="e#671#672#0" expanded="true" />
            <element signature="e#727#728#0" expanded="true" />
            <element signature="e#778#779#0" expanded="true" />
            <element signature="e#840#841#0" expanded="true" />
            <element signature="e#883#884#0" expanded="true" />
            <element signature="e#974#975#0" expanded="true" />
          </folding>
        </state>
      </provider>
    </entry>
  </component>
</project>