<project version="4">
  <component name="BookmarksManager">
    <option name="groups">
      <GroupState>
        <option name="name" value="bmi-calculator-app-lab" />
      </GroupState>
    </option>
  </component>
  <component name="FileEditorManager">
    <leaf ideFingerprint="a6h67yzvlq7a" SIDE_TABS_SIZE_LIMIT_KEY="-1">
      <file current-in-tab="false">
        <entry file="file://$PROJECT_DIR$/src/BMICalculator.java">
          <provider editor-type-id="text-editor" selected="true">
            <state relative-caret-position="389">
              <caret line="27" column="80" selection-start-line="27" selection-start-column="80" selection-end-line="27" selection-end-column="80" />
            </state>
          </provider>
        </entry>
      </file>
      <file>
        <entry file="file://$PROJECT_DIR$/src/Main.java">
          <provider editor-type-id="text-editor" selected="true">
            <state relative-caret-position="429">
              <caret line="55" column="56" selection-start-line="55" selection-start-column="56" selection-end-line="55" selection-end-column="56" />
            </state>
          </provider>
        </entry>
      </file>
      <file current-in-tab="false">
        <entry file="file://$PROJECT_DIR$/src/UserInput.java">
          <provider editor-type-id="text-editor" selected="true">
            <state relative-caret-position="420">
              <caret line="127" column="22" selection-start-line="127" selection-start-column="22" selection-end-line="127" selection-end-column="22" />
            </state>
          </provider>
        </entry>
      </file>
    </leaf>
  </component>
  <component name="FileTypeUsageLocalSummary"><![CDATA[{
  "data": {
    "JAVA": {
      "usageCount": 5,
      "lastUsed": 1745246342053
    }
  }
}]]></component>
  <component name="IdeDocumentHistory">
    <changedPaths>
      <option value="$PROJECT_DIR$/src/UserInput.java" />
      <option value="$PROJECT_DIR$/src/BMICalculator.java" />
      <option value="$PROJECT_DIR$/src/Main.java" />
    </changedPaths>
  </component>
  <component name="IgnoredFileRootStore">
    <option name="generatedRoots">
      <set>
        <option value="$PROJECT_DIR$/.idea" />
      </set>
    </option>
  </component>
  <component name="LanguageUsageStatistics">
    <language id="JAVA">
      <summary usageCount="5" lastUsage="1745246342053" />
    </language>
  </component>
  <component name="ProjectView">
    <navigator currentView="ProjectPane" proportions="" version="1" />
    <panes>
      <pane id="PackagesPane" />
      <pane id="ProjectPane">
        <subPane>
          <expand>
            <path>
              <item name="bmi-calculator-app-lab" type="b2602c69:ProjectViewProjectNode" />
              <item name="dir{file:///home/coder/coursera/bmi-calculator-app-lab}" type="462c0819:PsiDirectoryNode" />
            </path>
            <path>
              <item name="bmi-calculator-app-lab" type="b2602c69:ProjectViewProjectNode" />
              <item name="dir{file:///home/coder/coursera/bmi-calculator-app-lab}" type="462c0819:PsiDirectoryNode" />
              <item name="dir{file:///home/coder/coursera/bmi-calculator-app-lab/src}" type="462c0819:PsiDirectoryNode" />
            </path>
          </expand>
          <select />
        </subPane>
      </pane>
      <pane id="Scope" />
    </panes>
  </component>
  <component name="ToolWindowManager">
    <layout>
      <window_info id="Bookmarks" order="0" side_tool="true" />
      <window_info active="true" content_ui="combo" id="Project" order="1" visible="true" weight="0.25043708" />
      <window_info id="Learn" order="2" />
      <window_info id="Structure" order="3" side_tool="true" />
      <window_info anchor="bottom" id="Version Control" order="0" />
      <window_info anchor="bottom" id="Find" order="1" />
      <window_info anchor="bottom" id="Run" order="2" />
      <window_info anchor="bottom" id="Debug" order="3" weight="0.4" />
      <window_info anchor="bottom" id="TODO" order="4" />
      <window_info anchor="bottom" id="Inspection" order="5" weight="0.4" />
      <window_info anchor="bottom" id="Problems View" order="6" />
      <window_info anchor="bottom" id="Terminal" order="7" />
      <window_info anchor="bottom" id="Services" order="8" />
      <window_info anchor="right" id="Coverage" order="0" side_tool="true" />
      <window_info anchor="right" id="AIAssistant" order="1" />
      <window_info anchor="right" id="Notifications" order="2" weight="0.25" />
      <unified_weights left="0.25043708" />
    </layout>
    <recentWindows>
      <value>Project</value>
    </recentWindows>
  </component>
  <component name="WindowStateProjectService">
    <state x="736" y="202" width="434" height="488" key="FileChooserDialogImpl" timestamp="1727356891441">
      <screen x="0" y="31" width="2192" height="1091" />
    </state>
    <state x="736" y="202" width="434" height="488" key="FileChooserDialogImpl/0.31.2192.1091@0.31.2192.1091" timestamp="1727356891441" />
  </component>
  <component name="editorHistoryManager">
    <entry file="file://$PROJECT_DIR$/src/UserInput.java">
      <provider selected="true" editor-type-id="text-editor">
        <state relative-caret-position="420">
          <caret line="127" column="22" selection-start-line="127" selection-start-column="22" selection-end-line="127" selection-end-column="22" />
        </state>
      </provider>
    </entry>
    <entry file="file://$PROJECT_DIR$/src/BMICalculator.java">
      <provider selected="true" editor-type-id="text-editor">
        <state relative-caret-position="389">
          <caret line="27" column="80" selection-start-line="27" selection-start-column="80" selection-end-line="27" selection-end-column="80" />
        </state>
      </provider>
    </entry>
    <entry file="file://$PROJECT_DIR$/src/Main.java">
      <provider selected="true" editor-type-id="text-editor">
        <state relative-caret-position="429">
          <caret line="55" column="56" selection-start-line="55" selection-start-column="56" selection-end-line="55" selection-end-column="56" />
        </state>
      </provider>
    </entry>
  </component>
</project>