<application>
  <component name="ActionsLocalSummary">
    <e n="$SelectAll">
      <i c="2" l="1745246343646" />
    </e>
    <e n="$Undo">
      <i c="4" l="1745247006634" />
    </e>
    <e n="CodeCompletion">
      <i c="7" l="1745246862638" />
    </e>
    <e n="EditorBackSpace">
      <i c="24" l="1745246891483" />
    </e>
    <e n="EditorChooseLookupItem">
      <i c="2" l="1745246909898" />
    </e>
    <e n="EditorCopy">
      <i c="6" l="1745246531771" />
    </e>
    <e n="EditorDown">
      <i c="2" l="1745246932263" />
    </e>
    <e n="EditorEnter">
      <i c="1" l="1745246441243" />
    </e>
    <e n="EditorLeft">
      <i c="1" l="1745246854066" />
    </e>
    <e n="EditorPaste">
      <i c="28" l="1745247041089" />
    </e>
    <e n="EditorPreviousWordWithSelection">
      <i c="3" l="1745246857798" />
    </e>
    <e n="EditorTab">
      <i c="39" l="1745247040484" />
    </e>
    <e n="OpenFile">
      <i c="1" l="1727356888429" />
    </e>
    <e n="Run">
      <i c="1" l="1727356923868" />
    </e>
    <e n="SaveAll">
      <i c="6" l="1745247045821" />
    </e>
    <e n="ShowIntentionActions">
      <i c="2" l="1745246362033" />
    </e>
    <e n="Stop">
      <i c="1" l="1727356932455" />
    </e>
    <e n="WelcomeScreen.OpenProject">
      <i c="1" l="1723576228176" />
    </e>
  </component>
</application>