<application>
  <component name="RecentProjectsManager">
    <option name="additionalInfo">
      <map>
        <entry key="$USER_HOME$/coursera/bmi-calculator-app-lab">
          <value>
            <RecentProjectMetaInfo frameTitle="bmi-calculator-app-lab – BMICalculator.java" opened="true" projectWorkspaceId="2iS0YU1GCFaZU2D6Gyg5pWI0MIy">
              <option name="activationTimestamp" value="1727356936548" />
              <option name="binFolder" value="$APPLICATION_HOME_DIR$/bin" />
              <option name="build" value="IC-241.18034.62" />
              <option name="buildTimestamp" value="1718905980000" />
              <option name="colorInfo">
                <RecentProjectColorInfo associatedIndex="6" />
              </option>
              <frame x="253" y="51" width="1400" height="786" />
              <option name="productionCode" value="IC" />
              <option name="projectOpenTimestamp" value="1723576238204" />
            </RecentProjectMetaInfo>
          </value>
        </entry>
        <entry key="$USER_HOME$/coursera/Solution">
          <value>
            <RecentProjectMetaInfo frameTitle="Solution – BMICalculator.java" projectWorkspaceId="2iS0YU1GCFaZU2D6Gyg5pWI0MIy">
              <option name="activationTimestamp" value="1727356897125" />
              <option name="binFolder" value="$APPLICATION_HOME_DIR$/bin" />
              <option name="build" value="IC-241.18034.62" />
              <option name="buildTimestamp" value="1718905980000" />
              <option name="colorInfo">
                <RecentProjectColorInfo associatedIndex="6" />
              </option>
              <frame x="396" y="76" width="1400" height="1000" />
              <option name="productionCode" value="IC" />
              <option name="projectOpenTimestamp" value="1727356897522" />
            </RecentProjectMetaInfo>
          </value>
        </entry>
      </map>
    </option>
    <option name="lastOpenedProject" value="$USER_HOME$/coursera/bmi-calculator-app-lab" />
  </component>
</application>