<application>
  <component name="DimensionService">
    <size key="GridCell.Tab.0.left.0.0.2192.1122" width="1348" height="290" />
    <size key="GridCell.Tab.0.center.0.0.2192.1122" width="1348" height="290" />
    <size key="GridCell.Tab.0.right.0.0.2192.1122" width="1348" height="290" />
    <size key="GridCell.Tab.0.bottom.0.0.2192.1122" width="1348" height="290" />
  </component>
  <component name="WindowManager">
    <frame x="396" y="76" width="1400" height="1000" />
  </component>
  <component name="WindowStateApplicationService">
    <state x="736" y="172" width="434" height="488" key="FileChooserDialogImpl" timestamp="1723576233256">
      <screen x="0" y="31" width="1907" height="826" />
    </state>
    <state x="736" y="172" width="434" height="488" key="FileChooserDialogImpl/0.31.1907.826" timestamp="1723576233256" />
  </component>
</application>