<project version="4">
  <component name="BookmarksManager">
    <option name="groups">
      <GroupState>
        <option name="name" value="Solution" />
      </GroupState>
    </option>
  </component>
  <component name="FileEditorManager">
    <leaf ideFingerprint="a6h67yzvlq7a" SIDE_TABS_SIZE_LIMIT_KEY="-1">
      <file>
        <entry file="file://$PROJECT_DIR$/src/DrivingSimulationSolution.java">
          <provider editor-type-id="text-editor" selected="true">
            <state relative-caret-position="66">
              <caret line="3" column="13" selection-start-line="3" selection-start-column="13" selection-end-line="3" selection-end-column="13" />
            </state>
          </provider>
        </entry>
      </file>
    </leaf>
  </component>
  <component name="FileTypeUsageLocalSummary"><![CDATA[{
  "data": {
    "JAVA": {
      "usageCount": 2,
      "lastUsed": 1732904660898
    }
  }
}]]></component>
  <component name="IgnoredFileRootStore">
    <option name="generatedRoots">
      <set>
        <option value="$PROJECT_DIR$/.idea" />
      </set>
    </option>
  </component>
  <component name="LanguageUsageStatistics">
    <language id="JAVA">
      <summary usageCount="2" lastUsage="1732904660900" />
    </language>
  </component>
  <component name="ProjectView">
    <navigator currentView="ProjectPane" proportions="" version="1" />
    <panes>
      <pane id="PackagesPane" />
      <pane id="ProjectPane">
        <subPane>
          <expand>
            <path>
              <item name="Solution" type="b2602c69:ProjectViewProjectNode" />
              <item name="dir{file:///home/coder/coursera/Solution}" type="462c0819:PsiDirectoryNode" />
            </path>
            <path>
              <item name="Solution" type="b2602c69:ProjectViewProjectNode" />
              <item name="dir{file:///home/coder/coursera/Solution}" type="462c0819:PsiDirectoryNode" />
              <item name="dir{file:///home/coder/coursera/Solution/src}" type="462c0819:PsiDirectoryNode" />
            </path>
          </expand>
          <select />
        </subPane>
      </pane>
      <pane id="Scope" />
    </panes>
  </component>
  <component name="RunConfigurationStartHistory">
    <history>
      <element setting="Application.DrivingSimulationSolution" />
    </history>
  </component>
  <component name="ToolWindowManager">
    <layout>
      <window_info id="Bookmarks" order="0" side_tool="true" />
      <window_info active="true" content_ui="combo" id="Project" order="1" visible="true" weight="0.25" />
      <window_info id="Learn" order="2" />
      <window_info id="Structure" order="3" side_tool="true" />
      <window_info anchor="bottom" id="Version Control" order="0" />
      <window_info anchor="bottom" id="Find" order="1" />
      <window_info anchor="bottom" id="Run" order="2" show_stripe_button="false" weight="0.32971013" />
      <window_info anchor="bottom" id="Debug" order="3" weight="0.4" />
      <window_info anchor="bottom" id="TODO" order="4" />
      <window_info anchor="bottom" id="Inspection" order="5" weight="0.4" />
      <window_info anchor="bottom" id="Problems View" order="6" />
      <window_info anchor="bottom" id="Terminal" order="7" />
      <window_info anchor="bottom" id="Services" order="8" />
      <window_info anchor="bottom" id="Build" order="9" />
      <window_info anchor="right" id="Coverage" order="0" side_tool="true" />
      <window_info anchor="right" id="AIAssistant" order="1" />
      <window_info anchor="right" id="Notifications" order="2" weight="0.25" />
      <unified_weights bottom="0.32971013" left="0.25" />
    </layout>
    <recentWindows>
      <value>Run</value>
      <value>Project</value>
    </recentWindows>
  </component>
  <component name="WindowStateProjectService">
    <state width="1348" height="290" key="GridCell.Tab.0.bottom" timestamp="1727355971226">
      <screen x="0" y="31" width="2192" height="1091" />
    </state>
    <state width="1348" height="290" key="GridCell.Tab.0.bottom/0.31.2192.1091@0.31.2192.1091" timestamp="1727355971226" />
    <state width="1348" height="290" key="GridCell.Tab.0.center" timestamp="1727355971226">
      <screen x="0" y="31" width="2192" height="1091" />
    </state>
    <state width="1348" height="290" key="GridCell.Tab.0.center/0.31.2192.1091@0.31.2192.1091" timestamp="1727355971226" />
    <state width="1348" height="290" key="GridCell.Tab.0.left" timestamp="1727355971226">
      <screen x="0" y="31" width="2192" height="1091" />
    </state>
    <state width="1348" height="290" key="GridCell.Tab.0.left/0.31.2192.1091@0.31.2192.1091" timestamp="1727355971226" />
    <state width="1348" height="290" key="GridCell.Tab.0.right" timestamp="1727355971226">
      <screen x="0" y="31" width="2192" height="1091" />
    </state>
    <state width="1348" height="290" key="GridCell.Tab.0.right/0.31.2192.1091@0.31.2192.1091" timestamp="1727355971226" />
  </component>
  <component name="editorHistoryManager">
    <entry file="file://$PROJECT_DIR$/src/DrivingSimulationSolution.java">
      <provider selected="true" editor-type-id="text-editor">
        <state relative-caret-position="66">
          <caret line="3" column="13" selection-start-line="3" selection-start-column="13" selection-end-line="3" selection-end-column="13" />
        </state>
      </provider>
    </entry>
  </component>
</project>