<project version="4">
  <component name="BookmarksManager">
    <option name="groups">
      <GroupState>
        <option name="name" value="DrivingSimulation_Lab" />
      </GroupState>
    </option>
  </component>
  <component name="FileEditorManager">
    <leaf ideFingerprint="a6h67yzvlq7a" SIDE_TABS_SIZE_LIMIT_KEY="-1">
      <file>
        <entry file="file://$PROJECT_DIR$/src/DrivingSimulationLab.java">
          <provider editor-type-id="text-editor" selected="true">
            <state relative-caret-position="154">
              <caret line="28" column="5" lean-forward="true" selection-start-line="28" selection-start-column="5" selection-end-line="28" selection-end-column="5" />
            </state>
          </provider>
        </entry>
      </file>
    </leaf>
  </component>
  <component name="FileTypeUsageLocalSummary"><![CDATA[{
  "data": {
    "JAVA": {
      "usageCount": 6,
      "lastUsed": 1745245070737
    }
  }
}]]></component>
  <component name="FindInProjectRecents">
    <findStrings>
      <find>toggle</find>
    </findStrings>
  </component>
  <component name="IdeDocumentHistory">
    <changedPaths>
      <option value="$PROJECT_DIR$/src/DrivingSimulationLab.java" />
    </changedPaths>
  </component>
  <component name="IgnoredFileRootStore">
    <option name="generatedRoots">
      <set>
        <option value="$PROJECT_DIR$/.idea" />
      </set>
    </option>
  </component>
  <component name="LanguageUsageStatistics">
    <language id="JAVA">
      <summary usageCount="6" lastUsage="1745245070740" />
    </language>
  </component>
  <component name="ProjectView">
    <navigator currentView="ProjectPane" proportions="" version="1" />
    <panes>
      <pane id="PackagesPane" />
      <pane id="ProjectPane">
        <subPane>
          <expand>
            <path>
              <item name="DrivingSimulation_Lab" type="b2602c69:ProjectViewProjectNode" />
              <item name="dir{file:///home/coder/coursera/DrivingSimulation_Lab}" type="462c0819:PsiDirectoryNode" />
            </path>
            <path>
              <item name="DrivingSimulation_Lab" type="b2602c69:ProjectViewProjectNode" />
              <item name="dir{file:///home/coder/coursera/DrivingSimulation_Lab}" type="462c0819:PsiDirectoryNode" />
              <item name="dir{file:///home/coder/coursera/DrivingSimulation_Lab/src}" type="462c0819:PsiDirectoryNode" />
            </path>
          </expand>
          <select />
        </subPane>
      </pane>
      <pane id="Scope" />
    </panes>
  </component>
  <component name="RunConfigurationStartHistory">
    <history>
      <element setting="Application.DrivingSimulationLab" />
    </history>
  </component>
  <component name="ToolWindowManager">
    <layout>
      <window_info id="Bookmarks" order="0" side_tool="true" />
      <window_info active="true" content_ui="combo" id="Project" order="1" visible="true" weight="0.1840035" />
      <window_info id="Learn" order="2" />
      <window_info id="Structure" order="3" side_tool="true" />
      <window_info anchor="bottom" id="Version Control" order="0" />
      <window_info anchor="bottom" id="Find" order="1" />
      <window_info anchor="bottom" id="Run" order="2" visible="true" weight="0.3303887" />
      <window_info anchor="bottom" id="Debug" order="3" weight="0.4" />
      <window_info anchor="bottom" id="TODO" order="4" />
      <window_info anchor="bottom" id="Inspection" order="5" weight="0.4" />
      <window_info anchor="bottom" id="Problems View" order="6" />
      <window_info anchor="bottom" id="Terminal" order="7" />
      <window_info anchor="bottom" id="Services" order="8" />
      <window_info anchor="bottom" id="Build" order="8" />
      <window_info anchor="right" id="Coverage" order="0" side_tool="true" />
      <window_info anchor="right" id="AIAssistant" order="1" />
      <window_info anchor="right" id="Notifications" order="2" weight="0.25" />
      <unified_weights bottom="0.3303887" left="0.1840035" />
    </layout>
    <recentWindows>
      <value>Run</value>
      <value>Project</value>
    </recentWindows>
  </component>
  <component name="editorHistoryManager">
    <entry file="file://$PROJECT_DIR$/src/DrivingSimulationLab.java">
      <provider selected="true" editor-type-id="text-editor">
        <state relative-caret-position="154">
          <caret line="28" column="5" lean-forward="true" selection-start-line="28" selection-start-column="5" selection-end-line="28" selection-end-column="5" />
        </state>
      </provider>
    </entry>
  </component>
</project>